price,link,name,state
15.0,"=LIEN_HYPERTEXTE(""https://www.airfrov.com/requests/10255-Food-and-Drinks-Tokyo-Banana-Original-8pcs"")",Tokyo Banana Original 8pcs,OFFERED
15.0,"=LIEN_HYPERTEXTE(""https://www.airfrov.com/requests/10254-Food-and-Drinks-Tokyo-Banana-Original-8pcs"")",Tokyo Banana Original 8pcs,OFFERED
15.0,"=LIEN_HYPERTEXTE(""https://www.airfrov.com/requests/9197-Food-and-Drinks-Pokemon-Center-Cookie-Tin"")",Pokemon Center Cookie Tin,OPEN
15.0,"=LIEN_HYPERTEXTE(""https://www.airfrov.com/requests/9131-Food-and-Drinks-Tokyo-Banana-Chocolate"")",Tokyo Banana Chocolate,OPEN
15.0,"=LIEN_HYPERTEXTE(""https://www.airfrov.com/requests/9072-Collectibles-Toshokan-sensou-The-Last-Mission-movie-Phamplet"")",Toshokan sensou The Last Mission movie... ,OPEN
15.0,"=LIEN_HYPERTEXTE(""https://www.airfrov.com/requests/9033-Food-and-Drinks-Melon-Chocolates"")",Melon Chocolates,OPEN
15.0,"=LIEN_HYPERTEXTE(""https://www.airfrov.com/requests/9015-Food-and-Drinks-Uncle-Tetsu's-Cheesecake-x2"")",Uncle Tetsu's Cheesecake x2,OPEN
15.0,"=LIEN_HYPERTEXTE(""https://www.airfrov.com/requests/9941-Collectibles-Christmas-Wishes-2015-Tomica-Ship-Boat-Car"")",Christmas Wishes 2015 Tomica Ship Boat... ,OPEN
15.0,"=LIEN_HYPERTEXTE(""https://www.airfrov.com/requests/9940-Collectibles-Christmas-Mickey-Minnie-Tomica-Bus"")",Christmas Mickey Minnie Tomica Bus ,OPEN
15.0,"=LIEN_HYPERTEXTE(""https://www.airfrov.com/requests/7510-Everything-Else-Coucou-cosme-small-compartment-box-in-blue-&-pink"")",Coucou cosme small compartment box in ... ,OPEN
15.0,"=LIEN_HYPERTEXTE(""https://www.airfrov.com/requests/8013-Food-and-Drinks-Ramen"")",Ramen,OPEN
15.0,"=LIEN_HYPERTEXTE(""https://www.airfrov.com/requests/7907-Collectibles-Pokemon-Masking-Tape"")",Pokemon Masking Tape,OPEN
15.0,"=LIEN_HYPERTEXTE(""https://www.airfrov.com/requests/7899-Lifestyle-Gadgets-Tsum-Tsum-2016-schedule-book"")",Tsum Tsum 2016 schedule book ,OFFERED
15.0,"=LIEN_HYPERTEXTE(""https://www.airfrov.com/requests/7195-Collectibles-Gudetama-Haikyuu-Collaboration-Keychain"")",Gudetama Haikyuu Collaboration Keychain ,OPEN
15.0,"=LIEN_HYPERTEXTE(""https://www.airfrov.com/requests/6430-Food-and-Drinks-macadamia-nuts-and-crunchy-cheese!"")",macadamia nuts and crunchy cheese! ,OPEN
15.0,"=LIEN_HYPERTEXTE(""https://www.airfrov.com/requests/6703-Lifestyle-Gadgets-Tsum-Tsum-Disney-polaroid-film-"")",Tsum Tsum Disney polaroid film  ,OPEN
15.0,"=LIEN_HYPERTEXTE(""https://www.airfrov.com/requests/6552-Food-and-Drinks-macadamia-nuts-and-crunchy-cheese-x8"")",macadamia nuts and crunchy cheese x8 ,OPEN
15.0,"=LIEN_HYPERTEXTE(""https://www.airfrov.com/requests/6550-Lifestyle-Gadgets-2-x-Marble-Print-Calculator"")",2 x Marble Print Calculator,OFFERED
15.0,"=LIEN_HYPERTEXTE(""https://www.airfrov.com/requests/6128-Food-and-Drinks-Meji-Snacks"")",Meji Snacks,OPEN
15.0,"=LIEN_HYPERTEXTE(""https://www.airfrov.com/requests/4823-Food-and-Drinks-Tokyo-Banana-"")",Tokyo Banana ,OFFERED
15.0,"=LIEN_HYPERTEXTE(""https://www.airfrov.com/requests/3166-Beauty-Products-facelift-belt"")",facelift belt,OFFERED
15.0,"=LIEN_HYPERTEXTE(""https://www.airfrov.com/requests/4198-Food-and-Drinks-Ichiran-Ramen-"")",Ichiran Ramen ,OFFERED
15.0,"=LIEN_HYPERTEXTE(""https://www.airfrov.com/requests/8875-Food-and-Drinks-owara-tamaten"")",owara tamaten,OPEN
15.0,"=LIEN_HYPERTEXTE(""https://www.airfrov.com/requests/2273-Food-and-Drinks-Sailor-Moon-chocolates-1-x-each"")",Sailor Moon chocolates 1 x each ,OFFERED
15.0,"=LIEN_HYPERTEXTE(""https://www.airfrov.com/requests/9769-Food-and-Drinks-Giraffe-Tokyo-Banana"")",Giraffe Tokyo Banana,OFFERED
15.0,"=LIEN_HYPERTEXTE(""https://www.airfrov.com/requests/9443-Food-and-Drinks-Pablo-sabrel-cheese-matcha"")",Pablo sabrel cheese matcha,OPEN
15.0,"=LIEN_HYPERTEXTE(""https://www.airfrov.com/requests/9415-Food-and-Drinks-Mentaiko"")",Mentaiko,OPEN
15.0,"=LIEN_HYPERTEXTE(""https://www.airfrov.com/requests/1157-Food-and-Drinks-royce-chocolate"")",royce chocolate,OFFERED
16.0,"=LIEN_HYPERTEXTE(""https://www.airfrov.com/requests/10152-Food-and-Drinks-Gudetama-Pocky-Sticks"")",Gudetama Pocky Sticks,OFFERED
16.0,"=LIEN_HYPERTEXTE(""https://www.airfrov.com/requests/8454-Beauty-Products-Cosmetics-Tray-(Daiso)"")",Cosmetics Tray (Daiso),OPEN
16.0,"=LIEN_HYPERTEXTE(""https://www.airfrov.com/requests/660-Food-and-Drinks-Tokyo-Banana"")",Tokyo Banana,OFFERED
17.0,"=LIEN_HYPERTEXTE(""https://www.airfrov.com/requests/9229-Collectibles-Halloween-Tokyo-Disney-Resort-Big-CIty-Vehicle-TOM"")",Halloween Tokyo Disney Resort Big CIty... ,OPEN
17.0,"=LIEN_HYPERTEXTE(""https://www.airfrov.com/requests/9205-Ladies'-Fashion-and-Accessories-My-Melody---Wet-Wipes-Cover-&-Microfiber-Cloth"")",My Melody - Wet Wipes Cover & Microfib... ,OFFERED
17.0,"=LIEN_HYPERTEXTE(""https://www.airfrov.com/requests/9164-Food-and-Drinks-Ichiran-Ramen-"")",Ichiran Ramen ,OPEN
17.0,"=LIEN_HYPERTEXTE(""https://www.airfrov.com/requests/8974-Collectibles-Halloween-Tokyo-Disney-Resort-Big-CIty-Vehicle-TOM"")",Halloween Tokyo Disney Resort Big CIty... ,OPEN
17.0,"=LIEN_HYPERTEXTE(""https://www.airfrov.com/requests/9982-Food-and-Drinks-Ichiran-Ramen-"")",Ichiran Ramen ,OPEN
17.0,"=LIEN_HYPERTEXTE(""https://www.airfrov.com/requests/7484-Collectibles-Pokemon-Center-Exclusive-Scheduler"")",Pokemon Center Exclusive Scheduler ,OFFERED
17.0,"=LIEN_HYPERTEXTE(""https://www.airfrov.com/requests/7430-Collectibles-Pokemon-Center-Exclusive-Scheduler"")",Pokemon Center Exclusive Scheduler ,OFFERED
17.0,"=LIEN_HYPERTEXTE(""https://www.airfrov.com/requests/6207-Food-and-Drinks-Mont-blanc-cake-from-ginza-8pcs"")",Mont blanc cake from ginza 8pcs ,OPEN
17.0,"=LIEN_HYPERTEXTE(""https://www.airfrov.com/requests/6007-Food-and-Drinks-Mont-blanc-cake-from-ginza-8pcs"")",Mont blanc cake from ginza 8pcs ,OPEN
17.0,"=LIEN_HYPERTEXTE(""https://www.airfrov.com/requests/2641-Food-and-Drinks-Tokyo-banana"")",Tokyo banana,OFFERED
17.0,"=LIEN_HYPERTEXTE(""https://www.airfrov.com/requests/3848-Food-and-Drinks-Tokyo-Banana-Original-8pcs"")",Tokyo Banana Original 8pcs,OFFERED
17.0,"=LIEN_HYPERTEXTE(""https://www.airfrov.com/requests/9802-Collectibles-Pokemon-Center-Exclusive-Scheduler"")",Pokemon Center Exclusive Scheduler ,OFFERED
17.0,"=LIEN_HYPERTEXTE(""https://www.airfrov.com/requests/9425-Everything-Else-Pink-Coucou-cosme-box-"")",Pink Coucou cosme box ,OPEN
18.0,"=LIEN_HYPERTEXTE(""https://www.airfrov.com/requests/9152-Food-and-Drinks-Tokyo-Banana-Heart-(Maple)"")",Tokyo Banana Heart (Maple),OFFERED
18.0,"=LIEN_HYPERTEXTE(""https://www.airfrov.com/requests/9682-Food-and-Drinks-Giraffe-Tokyo-Banana"")",Giraffe Tokyo Banana,OFFERED
18.0,"=LIEN_HYPERTEXTE(""https://www.airfrov.com/requests/10074-Food-and-Drinks-Giraffe-Tokyo-Banana"")",Giraffe Tokyo Banana,OFFERED
18.0,"=LIEN_HYPERTEXTE(""https://www.airfrov.com/requests/8413-Everything-Else-Coucou-cosme-box-in-pink"")",Coucou cosme box in pink,OPEN
18.0,"=LIEN_HYPERTEXTE(""https://www.airfrov.com/requests/5841-Food-and-Drinks-Potato-Farm---Jaga-Pokkuru"")",Potato Farm - Jaga Pokkuru,OPEN
18.0,"=LIEN_HYPERTEXTE(""https://www.airfrov.com/requests/7513-Everything-Else-Coucou-rose-box-in-white-"")",Coucou rose box in white ,OPEN
18.0,"=LIEN_HYPERTEXTE(""https://www.airfrov.com/requests/7508-Everything-Else-Coucou-cosme-box-in-pink"")",Coucou cosme box in pink,OPEN
18.0,"=LIEN_HYPERTEXTE(""https://www.airfrov.com/requests/6685-Collectibles-Disney's-Inside-Out-Tsum-Tsum"")",Disney's Inside Out Tsum Tsum ,OFFERED
18.0,"=LIEN_HYPERTEXTE(""https://www.airfrov.com/requests/4515-Food-and-Drinks-Shiroi-Koibito"")",Shiroi Koibito,OFFERED
18.0,"=LIEN_HYPERTEXTE(""https://www.airfrov.com/requests/3246-Beauty-Products-facelift-belt"")",facelift belt,OFFERED
18.0,"=LIEN_HYPERTEXTE(""https://www.airfrov.com/requests/1426-Men's-Fashion-and-Accessories-Men-Slim-Fit-Straight-Jeans"")",Men Slim Fit Straight Jeans,OFFERED
18.0,"=LIEN_HYPERTEXTE(""https://www.airfrov.com/requests/1278-Food-and-Drinks-Tokyo-Banana-Original-8pcs"")",Tokyo Banana Original 8pcs,OFFERED
18.0,"=LIEN_HYPERTEXTE(""https://www.airfrov.com/requests/1276-Food-and-Drinks-Tokyo-Banana-Original-8pcs"")",Tokyo Banana Original 8pcs,OFFERED
18.0,"=LIEN_HYPERTEXTE(""https://www.airfrov.com/requests/9317-Food-and-Drinks-Tokyo-Banana-Heart-(Maple)"")",Tokyo Banana Heart (Maple),OFFERED
18.0,"=LIEN_HYPERTEXTE(""https://www.airfrov.com/requests/9296-Food-and-Drinks-Tokyo-Banana-Original-8pcs"")",Tokyo Banana Original 8pcs,OFFERED
18.5,"=LIEN_HYPERTEXTE(""https://www.airfrov.com/requests/7540-Household-Products-Skater-food-jar"")",Skater food jar,OPEN
19.0,"=LIEN_HYPERTEXTE(""https://www.airfrov.com/requests/10129-Food-and-Drinks-Ichiran-Ramen-"")",Ichiran Ramen ,OPEN
19.0,"=LIEN_HYPERTEXTE(""https://www.airfrov.com/requests/9107-Food-and-Drinks-Tokyo-Banana-Pie"")",Tokyo Banana Pie,OFFERED
19.0,"=LIEN_HYPERTEXTE(""https://www.airfrov.com/requests/8648-Food-and-Drinks-Tokyo-Banana-Original-16-pieces"")",Tokyo Banana Original 16 pieces ,OPEN
19.0,"=LIEN_HYPERTEXTE(""https://www.airfrov.com/requests/9442-Food-and-Drinks-pablo-cheese-millefeuille-matcha"")",pablo cheese millefeuille matcha ,OPEN
20.0,"=LIEN_HYPERTEXTE(""https://www.airfrov.com/requests/10186-Collectibles-7-11---Special-Tomica---Poppins-Starlight-Dating"")",7-11 - Special Tomica - Poppins Starli... ,OPEN
20.0,"=LIEN_HYPERTEXTE(""https://www.airfrov.com/requests/9532-Collectibles-Soccer-Mickey-Mouse"")",Soccer Mickey Mouse,OPEN
20.0,"=LIEN_HYPERTEXTE(""https://www.airfrov.com/requests/7399-Food-and-Drinks-Rokkatei-Marusei-Butter-Sands"")",Rokkatei Marusei Butter Sands ,OPEN
20.0,"=LIEN_HYPERTEXTE(""https://www.airfrov.com/requests/10077-Food-and-Drinks-Ichiran-Ramen-"")",Ichiran Ramen ,OFFERED
20.0,"=LIEN_HYPERTEXTE(""https://www.airfrov.com/requests/9955-Collectibles-Oops-Pikachu-Pillow"")",Oops Pikachu Pillow,OPEN
20.0,"=LIEN_HYPERTEXTE(""https://www.airfrov.com/requests/7652-Everything-Else-Tsum-Tsum-Halloween"")",Tsum Tsum Halloween,OPEN
20.0,"=LIEN_HYPERTEXTE(""https://www.airfrov.com/requests/7980-Collectibles-Gelatoni-key-chain--sitting-(disneysea)"")",Gelatoni key chain- sitting (disneysea) ,OPEN
20.0,"=LIEN_HYPERTEXTE(""https://www.airfrov.com/requests/7379-Ladies'-Fashion-and-Accessories-Swimmer-Pouch-"")",Swimmer Pouch ,OFFERED
20.0,"=LIEN_HYPERTEXTE(""https://www.airfrov.com/requests/7302-Food-and-Drinks-Tokyo-Milk-Cheese-Factory"")",Tokyo Milk Cheese Factory,OFFERED
20.0,"=LIEN_HYPERTEXTE(""https://www.airfrov.com/requests/7114-Food-and-Drinks-Tokyo-Milk-Cheese-Factory"")",Tokyo Milk Cheese Factory,OFFERED
20.0,"=LIEN_HYPERTEXTE(""https://www.airfrov.com/requests/6814-Ladies'-Fashion-and-Accessories-Swimmer-Pouch-"")",Swimmer Pouch ,OPEN
20.0,"=LIEN_HYPERTEXTE(""https://www.airfrov.com/requests/6759-Everything-Else-Disney-Tsum-Tsum-Fujifilm-Instax-Mini-Film"")",Disney Tsum Tsum Fujifilm Instax Mini ... ,OPEN
20.0,"=LIEN_HYPERTEXTE(""https://www.airfrov.com/requests/6731-Food-and-Drinks-Ichiran-Ramen-"")",Ichiran Ramen ,OFFERED
20.0,"=LIEN_HYPERTEXTE(""https://www.airfrov.com/requests/6705-Everything-Else-Disney's-Inside-Out-Tsum-Tsum-Sadness-x-2"")",Disney's Inside Out Tsum Tsum Sadness ... ,OFFERED
20.0,"=LIEN_HYPERTEXTE(""https://www.airfrov.com/requests/6650-Lifestyle-Gadgets-Tsum-Tsum-Disney-polaroid-film-"")",Tsum Tsum Disney polaroid film  ,OPEN
20.0,"=LIEN_HYPERTEXTE(""https://www.airfrov.com/requests/6047-Food-and-Drinks-Ichiran-Ramen-Pre-pack"")",Ichiran Ramen Pre-pack,OPEN
20.0,"=LIEN_HYPERTEXTE(""https://www.airfrov.com/requests/6031-Household-Products-snoopy-water-container"")",snoopy water container,OPEN
20.0,"=LIEN_HYPERTEXTE(""https://www.airfrov.com/requests/5184-Food-and-Drinks-Pork-Ramen-Bowl-Noodle"")",Pork Ramen Bowl Noodle,OPEN
20.0,"=LIEN_HYPERTEXTE(""https://www.airfrov.com/requests/5587-Food-and-Drinks-Ichiran-Ramen-"")",Ichiran Ramen ,OPEN
20.0,"=LIEN_HYPERTEXTE(""https://www.airfrov.com/requests/2542-Food-and-Drinks-Tokyo-Banana"")",Tokyo Banana,OFFERED
20.0,"=LIEN_HYPERTEXTE(""https://www.airfrov.com/requests/8832-Lifestyle-Gadgets-Manekko-i-case"")",Manekko i case,OPEN
20.0,"=LIEN_HYPERTEXTE(""https://www.airfrov.com/requests/2243-Food-and-Drinks-Tokyo-Banana"")",Tokyo Banana,OFFERED
20.0,"=LIEN_HYPERTEXTE(""https://www.airfrov.com/requests/1802-Food-and-Drinks-Tokyo-Banana"")",Tokyo Banana,OFFERED
20.0,"=LIEN_HYPERTEXTE(""https://www.airfrov.com/requests/9820-Collectibles-Oops-Pikachu-Pillow"")",Oops Pikachu Pillow,OPEN
20.0,"=LIEN_HYPERTEXTE(""https://www.airfrov.com/requests/9795-Collectibles-Oops-Pikachu-Pillow"")",Oops Pikachu Pillow,OPEN
20.0,"=LIEN_HYPERTEXTE(""https://www.airfrov.com/requests/9783-Food-and-Drinks-Ichiran-Ramen-"")",Ichiran Ramen ,OPEN
20.0,"=LIEN_HYPERTEXTE(""https://www.airfrov.com/requests/9773-Collectibles-Oops-Pikachu-Pillow"")",Oops Pikachu Pillow,OPEN
20.0,"=LIEN_HYPERTEXTE(""https://www.airfrov.com/requests/9763-Food-and-Drinks-Ichiran-Ramen-"")",Ichiran Ramen ,OPEN
20.0,"=LIEN_HYPERTEXTE(""https://www.airfrov.com/requests/1359-Food-and-Drinks-Tokyo-Banana-Original-8pcs"")",Tokyo Banana Original 8pcs,OFFERED
20.0,"=LIEN_HYPERTEXTE(""https://www.airfrov.com/requests/3707-Everything-Else-JDM-season-parking-sticker"")",JDM season parking sticker,OPEN
20.0,"=LIEN_HYPERTEXTE(""https://www.airfrov.com/requests/2148-Food-and-Drinks-Tokyo-Banana"")",Tokyo Banana,OFFERED
20.0,"=LIEN_HYPERTEXTE(""https://www.airfrov.com/requests/2135-Food-and-Drinks-Tokyo-Banana"")",Tokyo Banana,OFFERED
21.5,"=LIEN_HYPERTEXTE(""https://www.airfrov.com/requests/5065-Collectibles-Hello-Kitty-Drawstring-Storage"")",Hello Kitty Drawstring Storage ,OFFERED
22.0,"=LIEN_HYPERTEXTE(""https://www.airfrov.com/requests/10328-Collectibles-7-11---Special-Tomica---Poppins-Starlight-Dating"")",7-11 - Special Tomica - Poppins Starli... ,OPEN
22.0,"=LIEN_HYPERTEXTE(""https://www.airfrov.com/requests/10256-Food-and-Drinks-Shiroi-Koibito-24pcs-mixed-x-1-box"")",Shiroi Koibito 24pcs mixed x 1 box ,OFFERED
22.0,"=LIEN_HYPERTEXTE(""https://www.airfrov.com/requests/9207-Collectibles-7-11---Special-Tomica---Poppins-Starlight-Dating"")",7-11 - Special Tomica - Poppins Starli... ,OPEN
22.0,"=LIEN_HYPERTEXTE(""https://www.airfrov.com/requests/10033-Collectibles-USJ-Hello-Kitty-Chucky-Keychain"")",USJ Hello Kitty Chucky Keychain ,OPEN
22.0,"=LIEN_HYPERTEXTE(""https://www.airfrov.com/requests/3415-Food-and-Drinks-ogurasansou-biscuit"")",ogurasansou biscuit,OFFERED
22.0,"=LIEN_HYPERTEXTE(""https://www.airfrov.com/requests/1122-Collectibles-Pilot-Pikachu-(Narita-Airport-Ver)"")",Pilot Pikachu (Narita Airport Ver) ,OPEN
22.0,"=LIEN_HYPERTEXTE(""https://www.airfrov.com/requests/7337-Food-and-Drinks-Tokyo-Banana-Heart-(Maple)"")",Tokyo Banana Heart (Maple),OPEN
22.0,"=LIEN_HYPERTEXTE(""https://www.airfrov.com/requests/7247-Food-and-Drinks-Tokyo-Banana-Heart-(Maple)"")",Tokyo Banana Heart (Maple),OPEN
22.0,"=LIEN_HYPERTEXTE(""https://www.airfrov.com/requests/5854-Food-and-Drinks-Tumbler-starbucks-osaka-&-tokyo"")",Tumbler starbucks osaka & tokyo ,OPEN
22.0,"=LIEN_HYPERTEXTE(""https://www.airfrov.com/requests/2541-Food-and-Drinks-Tokyo-Banana-Heart-(Maple)"")",Tokyo Banana Heart (Maple),OFFERED
22.0,"=LIEN_HYPERTEXTE(""https://www.airfrov.com/requests/2296-Beauty-Products-Shu-Uemura-eyelash-curler"")",Shu Uemura eyelash curler,OFFERED
22.0,"=LIEN_HYPERTEXTE(""https://www.airfrov.com/requests/9392-Collectibles-USJ-Hello-Kitty-Chucky-Keychain"")",USJ Hello Kitty Chucky Keychain ,OPEN
22.5,"=LIEN_HYPERTEXTE(""https://www.airfrov.com/requests/525-Food-and-Drinks-tokyo-banana-orginial-"")",tokyo banana orginial ,OFFERED
23.0,"=LIEN_HYPERTEXTE(""https://www.airfrov.com/requests/10184-Collectibles-Christmas-Mickey-Minnie-Tomica-Bus"")",Christmas Mickey Minnie Tomica Bus ,OPEN
23.0,"=LIEN_HYPERTEXTE(""https://www.airfrov.com/requests/7729-Food-and-Drinks-Ichiran-Ramen-"")",Ichiran Ramen ,OFFERED
23.0,"=LIEN_HYPERTEXTE(""https://www.airfrov.com/requests/7271-Food-and-Drinks-Ichiran-Ramen-"")",Ichiran Ramen ,OFFERED
24.0,"=LIEN_HYPERTEXTE(""https://www.airfrov.com/requests/7291-Food-and-Drinks-Tokyo-banana-syally-mate-"")",Tokyo banana syally mate ,OFFERED
24.0,"=LIEN_HYPERTEXTE(""https://www.airfrov.com/requests/7183-Beauty-Products-Ma-Cherie-Body-Wash"")",Ma Cherie Body Wash,OPEN
24.0,"=LIEN_HYPERTEXTE(""https://www.airfrov.com/requests/6725-Food-and-Drinks-Potato-farm-Jaga-pokkuru"")",Potato farm Jaga pokkuru,OFFERED
24.0,"=LIEN_HYPERTEXTE(""https://www.airfrov.com/requests/1373-Food-and-Drinks-Hakata-Torimon-Manju-(10pcs)"")",Hakata Torimon Manju (10pcs) ,OFFERED
25.0,"=LIEN_HYPERTEXTE(""https://www.airfrov.com/requests/10316-Lifestyle-Gadgets-Mickey-Camera-Strap"")",Mickey Camera Strap,OFFERED
25.0,"=LIEN_HYPERTEXTE(""https://www.airfrov.com/requests/10196-Collectibles-Hello-Kitty-stainless-steel-mug-bottle-L"")",Hello Kitty stainless steel mug bottle L ,OFFERED
25.0,"=LIEN_HYPERTEXTE(""https://www.airfrov.com/requests/10162-Food-and-Drinks-Bow-popcorn-bucket"")",Bow popcorn bucket,OPEN
25.0,"=LIEN_HYPERTEXTE(""https://www.airfrov.com/requests/9161-Food-and-Drinks-Ichiran-Ramen-"")",Ichiran Ramen ,OPEN
25.0,"=LIEN_HYPERTEXTE(""https://www.airfrov.com/requests/9129-Food-and-Drinks-Ichiran-Ramen-"")",Ichiran Ramen ,OPEN
25.0,"=LIEN_HYPERTEXTE(""https://www.airfrov.com/requests/9030-Collectibles-Starbucks-Halloween-Tumbler"")",Starbucks Halloween Tumbler,OPEN
25.0,"=LIEN_HYPERTEXTE(""https://www.airfrov.com/requests/2483-Collectibles-Syofuku-Hai-Mount-Fuji-Cold-Sake-Glasses"")",Syofuku Hai Mount Fuji Cold Sake Glasses ,OPEN
25.0,"=LIEN_HYPERTEXTE(""https://www.airfrov.com/requests/7675-Food-and-Drinks-Ichiran-Ramen-"")",Ichiran Ramen ,OFFERED
25.0,"=LIEN_HYPERTEXTE(""https://www.airfrov.com/requests/5079-Food-and-Drinks-Tokyo-Banana-Heart-(Maple)"")",Tokyo Banana Heart (Maple),OFFERED
25.0,"=LIEN_HYPERTEXTE(""https://www.airfrov.com/requests/3150-Beauty-Products-Sanrio-limited-edition-loose-powder-*HELLOKITTY"")",Sanrio limited edition loose powder *H... ,OFFERED
25.0,"=LIEN_HYPERTEXTE(""https://www.airfrov.com/requests/3093-Household-Products-My-Melody-stainless-mug-bottle-M"")",My Melody stainless mug bottle M ,OFFERED
25.0,"=LIEN_HYPERTEXTE(""https://www.airfrov.com/requests/4001-Food-and-Drinks-Ichiran-Ramen"")",Ichiran Ramen,OFFERED
25.0,"=LIEN_HYPERTEXTE(""https://www.airfrov.com/requests/3609-Beauty-Products-Sanrio-limited-edition-loose-powder-*HELLOKITTY"")",Sanrio limited edition loose powder *H... ,OFFERED
25.0,"=LIEN_HYPERTEXTE(""https://www.airfrov.com/requests/1283-Collectibles-Little-Twin-Stars-stainless-mug-bottle-M"")",Little Twin Stars stainless mug bottle M ,OFFERED
25.0,"=LIEN_HYPERTEXTE(""https://www.airfrov.com/requests/9307-Food-and-Drinks-Potato-farm-Jaga-pokkuru-and-Jaga-Pirika"")",Potato farm Jaga pokkuru and Jaga Pirika ,OPEN
25.0,"=LIEN_HYPERTEXTE(""https://www.airfrov.com/requests/2200-Food-and-Drinks-tokyo-banana"")",tokyo banana,OFFERED
25.0,"=LIEN_HYPERTEXTE(""https://www.airfrov.com/requests/877-Collectibles-Limited-Edition-Coke-Drinking-Jar-SD"")",Limited Edition Coke Drinking Jar SD ,OFFERED
26.0,"=LIEN_HYPERTEXTE(""https://www.airfrov.com/requests/9029-Household-Products-Starbucks-cat-mug"")",Starbucks cat mug,OPEN
26.0,"=LIEN_HYPERTEXTE(""https://www.airfrov.com/requests/8748-Household-Products-Starbucks-cat-mug"")",Starbucks cat mug,OPEN
26.0,"=LIEN_HYPERTEXTE(""https://www.airfrov.com/requests/9379-Household-Products-Starbucks-cat-mug"")",Starbucks cat mug,OPEN
27.0,"=LIEN_HYPERTEXTE(""https://www.airfrov.com/requests/10293-Food-and-Drinks-Tokyo-Banana-Original-8pcs"")",Tokyo Banana Original 8pcs,OFFERED
27.0,"=LIEN_HYPERTEXTE(""https://www.airfrov.com/requests/6125-Ladies'-Fashion-and-Accessories-Little-Twin-Stars-Eye-Mask"")",Little Twin Stars Eye Mask,OFFERED
28.0,"=LIEN_HYPERTEXTE(""https://www.airfrov.com/requests/10241-Everything-Else-Ghibli-Museum-Tickets"")",Ghibli Museum Tickets,OFFERED
28.0,"=LIEN_HYPERTEXTE(""https://www.airfrov.com/requests/7274-Lifestyle-Gadgets-Mickey-Camera-Strap"")",Mickey Camera Strap,OPEN
28.0,"=LIEN_HYPERTEXTE(""https://www.airfrov.com/requests/4178-Household-Products-Little-Twin-Stars-stainless-mug-bottle-L"")",Little Twin Stars stainless mug bottle L ,OFFERED
28.0,"=LIEN_HYPERTEXTE(""https://www.airfrov.com/requests/1417-Collectibles-Little-Twin-Stars-stainless-mug-bottle-M"")",Little Twin Stars stainless mug bottle M ,OFFERED
28.0,"=LIEN_HYPERTEXTE(""https://www.airfrov.com/requests/1415-Lifestyle-Gadgets-Twinstar-iPhone-6-cover"")",Twinstar iPhone 6 cover,OFFERED
28.0,"=LIEN_HYPERTEXTE(""https://www.airfrov.com/requests/1322-Collectibles-Little-Twin-Stars-stainless-mug-bottle-M"")",Little Twin Stars stainless mug bottle M ,OFFERED
28.0,"=LIEN_HYPERTEXTE(""https://www.airfrov.com/requests/444-Collectibles-Mr-Potato-Popcorn-Bucket"")",Mr Potato Popcorn Bucket,OFFERED
30.0,"=LIEN_HYPERTEXTE(""https://www.airfrov.com/requests/10190-Food-and-Drinks-Kan-ei-do-black-bean-tea"")",Kan ei do black bean tea,OPEN
30.0,"=LIEN_HYPERTEXTE(""https://www.airfrov.com/requests/10059-Household-Products-SANRIO-HELLO-KITTY-LAURA-ASHLEY-CUP"")",SANRIO HELLO KITTY LAURA ASHLEY CUP ,OPEN
30.0,"=LIEN_HYPERTEXTE(""https://www.airfrov.com/requests/10019-Household-Products-SANRIO-HELLO-KITTY-LAURA-ASHLEY-CUP"")",SANRIO HELLO KITTY LAURA ASHLEY CUP ,OPEN
30.0,"=LIEN_HYPERTEXTE(""https://www.airfrov.com/requests/9957-Food-and-Drinks-Tokyo-Banana-Heart-(Maple-&-Original)"")",Tokyo Banana Heart (Maple & Original) ,OPEN
30.0,"=LIEN_HYPERTEXTE(""https://www.airfrov.com/requests/5689-Everything-Else-Ghibli-Museum-Tickets"")",Ghibli Museum Tickets,OFFERED
30.0,"=LIEN_HYPERTEXTE(""https://www.airfrov.com/requests/8451-Food-and-Drinks-Cat-Shaped-Marshmallow-x2"")",Cat Shaped Marshmallow x2,OPEN
30.0,"=LIEN_HYPERTEXTE(""https://www.airfrov.com/requests/5063-Food-and-Drinks-Ice-Green-Tea"")",Ice Green Tea,OPEN
30.0,"=LIEN_HYPERTEXTE(""https://www.airfrov.com/requests/6458-Food-and-Drinks-Tokyo-Banana---2-boxes-(Strawberry-&-Mont-Blanc"")",Tokyo Banana - 2 boxes (Strawberry & M... ,OPEN
30.0,"=LIEN_HYPERTEXTE(""https://www.airfrov.com/requests/6763-Lifestyle-Gadgets-Tsum-Tsum-Disney-polaroid-film-"")",Tsum Tsum Disney polaroid film  ,OPEN
30.0,"=LIEN_HYPERTEXTE(""https://www.airfrov.com/requests/8824-Ladies'-Fashion-and-Accessories-Disney-Winnie-the-Pooh-necklace"")",Disney Winnie the Pooh necklace ,OPEN
30.0,"=LIEN_HYPERTEXTE(""https://www.airfrov.com/requests/2287-Food-and-Drinks-Ichiran-Ramen"")",Ichiran Ramen,OFFERED
30.0,"=LIEN_HYPERTEXTE(""https://www.airfrov.com/requests/399-Collectibles-Cold-cup-tumbler-with-whipped-cream-type-lid"")",Cold cup tumbler with whipped cream ty... ,OFFERED
32.0,"=LIEN_HYPERTEXTE(""https://www.airfrov.com/requests/10072-Food-and-Drinks-Ichiran-ramen"")",Ichiran ramen,OPEN
32.0,"=LIEN_HYPERTEXTE(""https://www.airfrov.com/requests/8760-Household-Products-Starbucks-cat-mug"")",Starbucks cat mug,OPEN
32.0,"=LIEN_HYPERTEXTE(""https://www.airfrov.com/requests/8197-Household-Products-Starbucks-cat-mug"")",Starbucks cat mug,OPEN
33.0,"=LIEN_HYPERTEXTE(""https://www.airfrov.com/requests/590-Food-and-Drinks-Shiroi-Koibito-Chocolate-Drink"")",Shiroi Koibito Chocolate Drink ,OPEN
33.0,"=LIEN_HYPERTEXTE(""https://www.airfrov.com/requests/4613-Food-and-Drinks-Potato-farm-Jaga-pokkuru"")",Potato farm Jaga pokkuru,OPEN
34.0,"=LIEN_HYPERTEXTE(""https://www.airfrov.com/requests/7730-Food-and-Drinks-Calbee-Mentaiko-Potato-Sticks-"")",Calbee Mentaiko Potato Sticks  ,OFFERED
34.0,"=LIEN_HYPERTEXTE(""https://www.airfrov.com/requests/6261-Everything-Else-Advance-purchase-Ghibli-Museum-tickets---2-tickets"")",Advance purchase Ghibli Museum tickets... ,OFFERED
35.0,"=LIEN_HYPERTEXTE(""https://www.airfrov.com/requests/9071-Collectibles-Starbucks-Japan-Mt-Fuji-Thermos-Stainless-Tumbler-"")",Starbucks Japan Mt Fuji Thermos Stainl... ,OPEN
35.0,"=LIEN_HYPERTEXTE(""https://www.airfrov.com/requests/6693-Beauty-Products-laduree-matt-rouge"")",laduree matt rouge,OFFERED
35.0,"=LIEN_HYPERTEXTE(""https://www.airfrov.com/requests/6049-Food-and-Drinks-Ichiran-Ramen-"")",Ichiran Ramen ,OFFERED
35.0,"=LIEN_HYPERTEXTE(""https://www.airfrov.com/requests/5967-Collectibles-Tsum-Tsum-tomica-frozen-set-Japan-7-11-exclusive"")",Tsum Tsum tomica frozen set Japan 7/11... ,OPEN
35.0,"=LIEN_HYPERTEXTE(""https://www.airfrov.com/requests/5846-Collectibles-Tsum-Tsum-tomica-frozen-set-Japan-7-11-exclusive"")",Tsum Tsum tomica frozen set Japan 7/11... ,OPEN
35.0,"=LIEN_HYPERTEXTE(""https://www.airfrov.com/requests/3487-Beauty-Products-Scent-of-Varo-Lipbalm"")",Scent of Varo Lipbalm,OFFERED
35.0,"=LIEN_HYPERTEXTE(""https://www.airfrov.com/requests/3398-Beauty-Products-Sanrio-limited-edition-loose-powder-(4pax)"")",Sanrio limited edition loose powder (4... ,OFFERED
35.0,"=LIEN_HYPERTEXTE(""https://www.airfrov.com/requests/1794-Food-and-Drinks-Ichiran-Ramen"")",Ichiran Ramen,OFFERED
35.0,"=LIEN_HYPERTEXTE(""https://www.airfrov.com/requests/1719-Collectibles-Pikachu-Pikazard"")",Pikachu Pikazard,OFFERED
35.0,"=LIEN_HYPERTEXTE(""https://www.airfrov.com/requests/1372-Food-and-Drinks-Ichiran-Ramen"")",Ichiran Ramen,OFFERED
36.0,"=LIEN_HYPERTEXTE(""https://www.airfrov.com/requests/10320-Food-and-Drinks-Potato-Farm---Imoko-&-Kobutaro"")",Potato Farm - Imoko & Kobutaro ,OFFERED
36.0,"=LIEN_HYPERTEXTE(""https://www.airfrov.com/requests/4958-Collectibles-Starbucks-Mug"")",Starbucks Mug,OPEN
36.0,"=LIEN_HYPERTEXTE(""https://www.airfrov.com/requests/6455-Food-and-Drinks-Shiroi-Koibito"")",Shiroi Koibito,OPEN
36.0,"=LIEN_HYPERTEXTE(""https://www.airfrov.com/requests/6412-Collectibles-Hello-Kitty-Chucky-Doll"")",Hello Kitty Chucky Doll,OPEN
36.0,"=LIEN_HYPERTEXTE(""https://www.airfrov.com/requests/1350-Collectibles-Hatsune-Miku-Nanoblock"")",Hatsune Miku Nanoblock,OFFERED
37.0,"=LIEN_HYPERTEXTE(""https://www.airfrov.com/requests/8673-Beauty-Products-6-bottles-of-Hokkaido-horse-oil-from-kumakuma"")",6 bottles of Hokkaido horse oil from k... ,OPEN
39.0,"=LIEN_HYPERTEXTE(""https://www.airfrov.com/requests/8885-Collectibles-Starbucks-Halloween-mug"")",Starbucks Halloween mug,OPEN
40.0,"=LIEN_HYPERTEXTE(""https://www.airfrov.com/requests/10165-Collectibles-Laduree-Keychain---Bag-Charm"")",Laduree Keychain / Bag Charm ,OPEN
40.0,"=LIEN_HYPERTEXTE(""https://www.airfrov.com/requests/8801-Collectibles-Disney-Store-Harajuku-Alta-shop-limited-TSUM-TSUM-"")",Disney Store Harajuku Alta shop limite... ,OPEN
40.0,"=LIEN_HYPERTEXTE(""https://www.airfrov.com/requests/8761-Collectibles-Disney-Store-Harajuku-Alta-shop-limited-TSUM-TSUM-"")",Disney Store Harajuku Alta shop limite... ,OPEN
40.0,"=LIEN_HYPERTEXTE(""https://www.airfrov.com/requests/8424-Collectibles-Starbucks-Bearista-Bear"")",Starbucks Bearista Bear,OPEN
40.0,"=LIEN_HYPERTEXTE(""https://www.airfrov.com/requests/7622-Collectibles-Donald-Duck-hat-(with-his-body)"")",Donald Duck hat (with his body) ,OPEN
40.0,"=LIEN_HYPERTEXTE(""https://www.airfrov.com/requests/7458-Beauty-Products-Jill-Stuart-Rouge-My-dress"")",Jill Stuart Rouge My dress,OFFERED
40.0,"=LIEN_HYPERTEXTE(""https://www.airfrov.com/requests/6431-Collectibles-Hello-Kitty-Chucky-Doll"")",Hello Kitty Chucky Doll,OPEN
40.0,"=LIEN_HYPERTEXTE(""https://www.airfrov.com/requests/6738-Collectibles-Loft-Sumikko-Gurashi-Collectible"")",Loft Sumikko Gurashi Collectible ,OPEN
40.0,"=LIEN_HYPERTEXTE(""https://www.airfrov.com/requests/4496-Ladies'-Fashion-and-Accessories-ROOTOTE-x-Toy-Story-Tote-Bag"")",ROOTOTE x Toy Story Tote Bag ,OPEN
40.0,"=LIEN_HYPERTEXTE(""https://www.airfrov.com/requests/8857-Collectibles-Disney-Store-Harajuku-Alta-shop-limited-TSUM-TSUM-"")",Disney Store Harajuku Alta shop limite... ,OFFERED
40.0,"=LIEN_HYPERTEXTE(""https://www.airfrov.com/requests/9856-Collectibles-Disney-Store-Harajuku-Alta-shop-limited-TSUM-TSUM-"")",Disney Store Harajuku Alta shop limite... ,OPEN
40.0,"=LIEN_HYPERTEXTE(""https://www.airfrov.com/requests/226-Collectibles-Starbucks-Mug"")",Starbucks Mug,OFFERED
42.0,"=LIEN_HYPERTEXTE(""https://www.airfrov.com/requests/8645-Collectibles-Nanoblock-Mickey-With-Birthday-Cake"")",Nanoblock Mickey With Birthday Cake ,OPEN
45.0,"=LIEN_HYPERTEXTE(""https://www.airfrov.com/requests/10235-Collectibles-Disney-Store-Harajuku-Alta-shop-limited-TSUM-TSUM-"")",Disney Store Harajuku Alta shop limite... ,OFFERED
45.0,"=LIEN_HYPERTEXTE(""https://www.airfrov.com/requests/10234-Collectibles-RG-1-144-00-Raiser-Trans-Am-Clear-Ver"")",RG 1/144 00 Raiser Trans Am Clear Ver ,OPEN
45.0,"=LIEN_HYPERTEXTE(""https://www.airfrov.com/requests/9479-Collectibles-Tsum-Tsum-tomica-frozen-set-Japan-7-11-exclusive"")",Tsum Tsum tomica frozen set Japan 7/11... ,OPEN
45.0,"=LIEN_HYPERTEXTE(""https://www.airfrov.com/requests/10096-Everything-Else-Studio-ghibli-museum-tickets-"")",Studio ghibli museum tickets  ,OFFERED
45.0,"=LIEN_HYPERTEXTE(""https://www.airfrov.com/requests/8678-Collectibles-RG-1-144-00-Raiser-Trans-Am-Clear-Ver"")",RG 1/144 00 Raiser Trans Am Clear Ver ,OPEN
45.0,"=LIEN_HYPERTEXTE(""https://www.airfrov.com/requests/7810-Collectibles-RG-1-144-00-Raiser-Trans-Am-Clear-Ver"")",RG 1/144 00 Raiser Trans Am Clear Ver ,OPEN
45.0,"=LIEN_HYPERTEXTE(""https://www.airfrov.com/requests/7672-Collectibles-RG-1-144-00-Raiser-Trans-Am-Clear-Ver"")",RG 1/144 00 Raiser Trans Am Clear Ver ,OPEN
45.0,"=LIEN_HYPERTEXTE(""https://www.airfrov.com/requests/7613-Ladies'-Fashion-and-Accessories-Disney-Earrings"")",Disney Earrings,OPEN
45.0,"=LIEN_HYPERTEXTE(""https://www.airfrov.com/requests/2871-Collectibles-R@BBRICK-CHROME-Gold-and-SIlver"")",R@BBRICK CHROME Gold and SIlver ,OPEN
45.0,"=LIEN_HYPERTEXTE(""https://www.airfrov.com/requests/3431-Everything-Else-porter-coin-wallet"")",porter coin wallet,OFFERED
45.0,"=LIEN_HYPERTEXTE(""https://www.airfrov.com/requests/2503-Collectibles-Nanoblock-Stuart-and-Dave"")",Nanoblock Stuart and Dave,OFFERED
45.0,"=LIEN_HYPERTEXTE(""https://www.airfrov.com/requests/9449-Collectibles-RG-1-144-00-Raiser-Trans-Am-Clear-Ver"")",RG 1/144 00 Raiser Trans Am Clear Ver ,OPEN
46.0,"=LIEN_HYPERTEXTE(""https://www.airfrov.com/requests/7088-Food-and-Drinks-Shiroi-Koibito"")",Shiroi Koibito,OFFERED
47.0,"=LIEN_HYPERTEXTE(""https://www.airfrov.com/requests/9892-Collectibles-Supreme-Bar-Glass"")",Supreme Bar Glass,OPEN
47.0,"=LIEN_HYPERTEXTE(""https://www.airfrov.com/requests/1506-Collectibles-Starbucks-Alice+Olivia-Double-Wall-Mug-Stace-Face"")",Starbucks Alice+Olivia Double Wall Mug... ,OFFERED
48.0,"=LIEN_HYPERTEXTE(""https://www.airfrov.com/requests/9908-Collectibles-Laduree-Pink-Keyring"")",Laduree Pink Keyring,OPEN
50.0,"=LIEN_HYPERTEXTE(""https://www.airfrov.com/requests/8978-Household-Products-Porlex-Ceramic-Coffee-Mill"")",Porlex Ceramic Coffee Mill,OFFERED
50.0,"=LIEN_HYPERTEXTE(""https://www.airfrov.com/requests/960-Collectibles-Starbucks-Alice+Oliva-Double-Wall-Mug-Stace-Face"")",Starbucks Alice+Oliva Double Wall Mug ... ,OPEN
50.0,"=LIEN_HYPERTEXTE(""https://www.airfrov.com/requests/7929-Men's-Fashion-and-Accessories-The-Pool-Aoyama-Bag"")",The Pool Aoyama Bag,OFFERED
50.0,"=LIEN_HYPERTEXTE(""https://www.airfrov.com/requests/7923-Men's-Fashion-and-Accessories-The-Pool-Aoyama-Bag"")",The Pool Aoyama Bag,OFFERED
50.0,"=LIEN_HYPERTEXTE(""https://www.airfrov.com/requests/7176-Collectibles-Hello-Kitty-Chucky-Doll"")",Hello Kitty Chucky Doll,OPEN
50.0,"=LIEN_HYPERTEXTE(""https://www.airfrov.com/requests/6406-Collectibles-Pooh-and-Pals-Tsum-Tsum"")",Pooh and Pals Tsum Tsum,OPEN
50.0,"=LIEN_HYPERTEXTE(""https://www.airfrov.com/requests/3823-Collectibles-35-cm-Beargguy-III-Plush-Doll---Cushion-ver.-GFT--"")",35 cm Beargguy III Plush Doll / Cushio... ,OPEN
50.0,"=LIEN_HYPERTEXTE(""https://www.airfrov.com/requests/6216-Collectibles-Pikachu-Pikazard"")",Pikachu Pikazard,OPEN
50.0,"=LIEN_HYPERTEXTE(""https://www.airfrov.com/requests/6013-Collectibles-Starbucks-x-Fragment-coffee-mugs-both-color"")",Starbucks x Fragment coffee mugs both ... ,OPEN
50.0,"=LIEN_HYPERTEXTE(""https://www.airfrov.com/requests/6012-Collectibles-Starbucks-x-Fragment-Design-Thermos"")",Starbucks x Fragment Design Thermos ,OPEN
50.0,"=LIEN_HYPERTEXTE(""https://www.airfrov.com/requests/5122-Household-Products-Porlex-Ceramic-Coffee-Mill"")",Porlex Ceramic Coffee Mill,OPEN
50.0,"=LIEN_HYPERTEXTE(""https://www.airfrov.com/requests/4806-Collectibles-Pooh-cushion"")",Pooh cushion,OFFERED
50.0,"=LIEN_HYPERTEXTE(""https://www.airfrov.com/requests/8842-Collectibles-Tokidoki-x-Hello-Kitty-Unicorno-Key-Ring---Cell-Ph"")",Tokidoki x Hello Kitty Unicorno Key Ri... ,OPEN
50.0,"=LIEN_HYPERTEXTE(""https://www.airfrov.com/requests/1700-Food-and-Drinks-Shiroi-Koibito-(54-pieces)"")",Shiroi Koibito (54 pieces),OFFERED
50.0,"=LIEN_HYPERTEXTE(""https://www.airfrov.com/requests/2202-Food-and-Drinks-Shiroi-Koibito-(54-pieces)"")",Shiroi Koibito (54 pieces),OFFERED
54.0,"=LIEN_HYPERTEXTE(""https://www.airfrov.com/requests/7979-Collectibles-Gelatoni-plush-(disneysea)"")",Gelatoni plush (disneysea),OPEN
55.0,"=LIEN_HYPERTEXTE(""https://www.airfrov.com/requests/5632-Collectibles-Pooh-and-Pals-Tsum-tsum"")",Pooh and Pals Tsum tsum,OPEN
58.0,"=LIEN_HYPERTEXTE(""https://www.airfrov.com/requests/9260-Collectibles-Hello-Kitty-Chucky-Doll"")",Hello Kitty Chucky Doll,OPEN
58.0,"=LIEN_HYPERTEXTE(""https://www.airfrov.com/requests/9380-Collectibles-Hello-Kitty-Chucky-Doll"")",Hello Kitty Chucky Doll,OPEN
60.0,"=LIEN_HYPERTEXTE(""https://www.airfrov.com/requests/6354-Collectibles-Hello-Kitty-Chucky-Doll"")",Hello Kitty Chucky Doll,OPEN
60.0,"=LIEN_HYPERTEXTE(""https://www.airfrov.com/requests/9485-Collectibles-Hello-Kitty-Chucky-Doll"")",Hello Kitty Chucky Doll,OPEN
60.0,"=LIEN_HYPERTEXTE(""https://www.airfrov.com/requests/8679-Ladies'-Fashion-and-Accessories-white-vans"")",white vans,OPEN
60.0,"=LIEN_HYPERTEXTE(""https://www.airfrov.com/requests/6781-Games-Anpanman-Toys"")",Anpanman Toys,OFFERED
60.0,"=LIEN_HYPERTEXTE(""https://www.airfrov.com/requests/9746-Collectibles-Hello-Kitty-Chucky-Big-Plush-Doll"")",Hello Kitty Chucky Big Plush Doll ,OPEN
63.0,"=LIEN_HYPERTEXTE(""https://www.airfrov.com/requests/5478-Collectibles-Yugioh-!-Structure-Deck-:-Master-of-Pendulum-Sd29-"")",Yugioh ! Structure Deck : Master of Pe... ,OPEN
65.0,"=LIEN_HYPERTEXTE(""https://www.airfrov.com/requests/10101-Collectibles-stitch-mobile-stand-from-japan-disneyland"")",stitch mobile stand from japan disneyl... ,OPEN
65.0,"=LIEN_HYPERTEXTE(""https://www.airfrov.com/requests/10058-Household-Products-Hello-kitty-LAURA-ASHLEY-TEAPOT-"")",Hello kitty LAURA ASHLEY TEAPOT  ,OPEN
65.0,"=LIEN_HYPERTEXTE(""https://www.airfrov.com/requests/10016-Household-Products-Hello-kitty-LAURA-ASHLEY-TEAPOT-"")",Hello kitty LAURA ASHLEY TEAPOT  ,OPEN
65.0,"=LIEN_HYPERTEXTE(""https://www.airfrov.com/requests/6646-Collectibles-Art-of-Gundam:-RG-RX-78-clear-coloured"")",Art of Gundam: RG RX-78 clear coloured ,OPEN
65.0,"=LIEN_HYPERTEXTE(""https://www.airfrov.com/requests/6576-Food-and-Drinks-Harajuku-Yaki-Chocolate-"")",Harajuku Yaki Chocolate ,OFFERED
65.0,"=LIEN_HYPERTEXTE(""https://www.airfrov.com/requests/2281-Collectibles-Starbucks-Handy-Stainless-Bottle-Stace-face"")",Starbucks Handy Stainless Bottle Stace... ,OFFERED
65.0,"=LIEN_HYPERTEXTE(""https://www.airfrov.com/requests/9389-Collectibles-Hello-Kitty-Chucky-Doll"")",Hello Kitty Chucky Doll,OPEN
68.0,"=LIEN_HYPERTEXTE(""https://www.airfrov.com/requests/6574-Beauty-Products-Jill-Stuart-Pressed-Powder-N"")",Jill Stuart Pressed Powder N ,OFFERED
70.0,"=LIEN_HYPERTEXTE(""https://www.airfrov.com/requests/10188-Collectibles-japan-christmas-tsum-tsum-"")",japan christmas tsum tsum ,OPEN
70.0,"=LIEN_HYPERTEXTE(""https://www.airfrov.com/requests/9531-Collectibles-Starbucks-Alice+Oliva-Double-Wall-Mug-Stace-Face"")",Starbucks Alice+Oliva Double Wall Mug ... ,OPEN
70.0,"=LIEN_HYPERTEXTE(""https://www.airfrov.com/requests/10097-Collectibles-japan-christmas-tsum-tsum-"")",japan christmas tsum tsum ,OPEN
70.0,"=LIEN_HYPERTEXTE(""https://www.airfrov.com/requests/8659-Collectibles-Starbucks-Alice+Oliva-Double-Wall-Mug-Stace-Face"")",Starbucks Alice+Oliva Double Wall Mug ... ,OPEN
70.0,"=LIEN_HYPERTEXTE(""https://www.airfrov.com/requests/1529-Ladies'-Fashion-and-Accessories-Hello-Kitty-My-Melody-Litte-Twin-Star-Long-Wallet-"")",Hello Kitty/My Melody/Litte Twin Star ... ,OFFERED
70.0,"=LIEN_HYPERTEXTE(""https://www.airfrov.com/requests/9817-Beauty-Products-QB-medicinal-deodorant-stick"")",QB medicinal deodorant stick ,OFFERED
70.0,"=LIEN_HYPERTEXTE(""https://www.airfrov.com/requests/9774-Collectibles-Starbucks-Alice+Oliva-Double-Wall-Mug-Stace-Face"")",Starbucks Alice+Oliva Double Wall Mug ... ,OPEN
70.0,"=LIEN_HYPERTEXTE(""https://www.airfrov.com/requests/9745-Food-and-Drinks-Temaki-Natto-&-Wasabi-Rice-Crackers"")",Temaki Natto & Wasabi Rice Crackers ,OPEN
70.0,"=LIEN_HYPERTEXTE(""https://www.airfrov.com/requests/1266-Collectibles-Pokemon-Visa-Card"")",Pokemon Visa Card,OFFERED
73.0,"=LIEN_HYPERTEXTE(""https://www.airfrov.com/requests/6714-Ladies'-Fashion-and-Accessories-Track-Sole-Bluchers"")",Track Sole Bluchers,OPEN
75.0,"=LIEN_HYPERTEXTE(""https://www.airfrov.com/requests/9576-Collectibles-1x-Lego-21303-Wall-E"")",1x Lego 21303 Wall-E,OPEN
75.0,"=LIEN_HYPERTEXTE(""https://www.airfrov.com/requests/9493-Mums-and-Babies-Takara-Tomy-Thomas"")",Takara Tomy Thomas,OPEN
75.0,"=LIEN_HYPERTEXTE(""https://www.airfrov.com/requests/7396-Collectibles-HGBF-1-144-Gundam-Amazing-Red-Warrior-"")",HGBF 1/144 Gundam Amazing Red Warrior  ,OPEN
80.0,"=LIEN_HYPERTEXTE(""https://www.airfrov.com/requests/9527-Collectibles-Hello-Kitty-Chucky-Big-Plush-Doll"")",Hello Kitty Chucky Big Plush Doll ,OPEN
80.0,"=LIEN_HYPERTEXTE(""https://www.airfrov.com/requests/8718-Collectibles-MG-Wing-Gundam-Proto-Zero-EW-Clear-Color-Ver"")",MG Wing Gundam Proto Zero EW Clear Col... ,OPEN
80.0,"=LIEN_HYPERTEXTE(""https://www.airfrov.com/requests/7653-Household-Products-BAPE-Klean-Kanteen-Insulated"")",BAPE Klean Kanteen Insulated ,OFFERED
80.0,"=LIEN_HYPERTEXTE(""https://www.airfrov.com/requests/2227-Collectibles-MG-Wing-Gundam-Proto-Zero-EW-Clear-Color-Ver"")",MG Wing Gundam Proto Zero EW Clear Col... ,OPEN
80.0,"=LIEN_HYPERTEXTE(""https://www.airfrov.com/requests/7285-Collectibles-MG-Char-Zaku-Ver.2.0--mechanical-Clear"")",MG Char Zaku Ver.2.0  mechanical Clear ,OPEN
80.0,"=LIEN_HYPERTEXTE(""https://www.airfrov.com/requests/2285-Collectibles-Starbucks-Fragment-Tumbler-"")",Starbucks Fragment Tumbler ,OFFERED
80.0,"=LIEN_HYPERTEXTE(""https://www.airfrov.com/requests/1280-Ladies'-Fashion-and-Accessories-My-Melody-Satchel:-Colorful-Rose-Collection"")",My Melody Satchel: Colorful Rose Colle... ,OFFERED
80.0,"=LIEN_HYPERTEXTE(""https://www.airfrov.com/requests/613-Household-Products-BAPE-Klean-Kanteen-Insulated"")",BAPE Klean Kanteen Insulated ,OFFERED
90.0,"=LIEN_HYPERTEXTE(""https://www.airfrov.com/requests/9639-Collectibles-MG-RX-78-2-Gundam-Ver.3.0-mechanical-Clear"")",MG RX-78-2 Gundam Ver.3.0 mechanical C... ,OPEN
90.0,"=LIEN_HYPERTEXTE(""https://www.airfrov.com/requests/9548-Collectibles-MG-Wing-Zero-Proto-(Art-of-Gundam)"")",MG Wing Zero Proto (Art of Gundam) ,OPEN
90.0,"=LIEN_HYPERTEXTE(""https://www.airfrov.com/requests/7397-Collectibles-Art-of-Gundam-MG-Wing-Zero-Metallic-Clear"")",Art of Gundam MG Wing Zero Metallic Cl... ,OPEN
90.0,"=LIEN_HYPERTEXTE(""https://www.airfrov.com/requests/6309-Collectibles-Art-of-Gundam-MG-Wing-Zero-Metallic-Clear"")",Art of Gundam MG Wing Zero Metallic Cl... ,OPEN
90.0,"=LIEN_HYPERTEXTE(""https://www.airfrov.com/requests/6981-Collectibles-Hard-Rock-Cafe-Japan-Icon-pins"")",Hard Rock Cafe Japan Icon pins ,OPEN
92.0,"=LIEN_HYPERTEXTE(""https://www.airfrov.com/requests/9438-Collectibles-Hello-Kitty-Chucky-Big-Plush-Doll"")",Hello Kitty Chucky Big Plush Doll ,OPEN
99.0,"=LIEN_HYPERTEXTE(""https://www.airfrov.com/requests/9018-Collectibles-Hello-Kitty-Chucky-Big-Plush-Doll"")",Hello Kitty Chucky Big Plush Doll ,OFFERED
100.0,"=LIEN_HYPERTEXTE(""https://www.airfrov.com/requests/9093-Household-Products-Anna-Sui-Starbucks-Ceramic-Tumbler"")",Anna Sui Starbucks Ceramic Tumbler ,OPEN
100.0,"=LIEN_HYPERTEXTE(""https://www.airfrov.com/requests/8403-Collectibles-Red-GID-Manekineko-Bearbrick-400"")",Red GID Manekineko Bearbrick 400% ,OPEN
100.0,"=LIEN_HYPERTEXTE(""https://www.airfrov.com/requests/7660-Collectibles-Urgetly-looking:-Art-of-Gundam-MG-Astray-Red-Frame"")",Urgetly looking: Art of Gundam MG Astr... ,OPEN
100.0,"=LIEN_HYPERTEXTE(""https://www.airfrov.com/requests/7563-Collectibles-Urgetly-looking:-Art-of-Gundam-MG-Astray-Red-Frame"")",Urgetly looking: Art of Gundam MG Astr... ,OPEN
100.0,"=LIEN_HYPERTEXTE(""https://www.airfrov.com/requests/7367-Collectibles-Hello-Kitty-Chucky-Doll"")",Hello Kitty Chucky Doll,OPEN
100.0,"=LIEN_HYPERTEXTE(""https://www.airfrov.com/requests/5193-Collectibles-MG-Gundam-Astray-Red-Frame-Plated-Frame---Clear"")",MG Gundam Astray Red Frame Plated Fram... ,OPEN
100.0,"=LIEN_HYPERTEXTE(""https://www.airfrov.com/requests/2684-Beauty-Products-Albion-skin-toner---330ml"")",Albion skin toner - 330ml,OFFERED
100.0,"=LIEN_HYPERTEXTE(""https://www.airfrov.com/requests/8918-Beauty-Products-Albion-Skin-Conditioner-330ml"")",Albion Skin Conditioner 330ml ,OPEN
105.0,"=LIEN_HYPERTEXTE(""https://www.airfrov.com/requests/9133-Collectibles-400-Red-GID-lucky-cat-Be@rbrick"")",400% Red GID lucky cat Be@rbrick ,OPEN
105.0,"=LIEN_HYPERTEXTE(""https://www.airfrov.com/requests/9128-Collectibles-400-Red-GID-Manekineko-Be@rbrick"")",400% Red GID Manekineko Be@rbrick ,OPEN
110.0,"=LIEN_HYPERTEXTE(""https://www.airfrov.com/requests/7398-Collectibles-Strike-Freedom-Kunio-Okiwara-Ver"")",Strike Freedom Kunio Okiwara Ver ,OPEN
110.0,"=LIEN_HYPERTEXTE(""https://www.airfrov.com/requests/6372-Collectibles-Art-of-Gundam-MG-Wing-Zero-Metallic-Clear"")",Art of Gundam MG Wing Zero Metallic Cl... ,OPEN
110.0,"=LIEN_HYPERTEXTE(""https://www.airfrov.com/requests/6313-Collectibles-Art-of-Gundam:-Red-Astray"")",Art of Gundam: Red Astray,OPEN
115.0,"=LIEN_HYPERTEXTE(""https://www.airfrov.com/requests/2257-Collectibles-Life-Size-55-cm-Pikachu-Pikazard"")",Life Size 55 cm Pikachu Pikazard ,OFFERED
118.0,"=LIEN_HYPERTEXTE(""https://www.airfrov.com/requests/9756-Collectibles-Disney-Motor-Tsum-car-+-van-"")",Disney Motor Tsum car + van  ,OPEN
120.0,"=LIEN_HYPERTEXTE(""https://www.airfrov.com/requests/9593-Collectibles-Disney-Motor-Tsum-car-+-van-"")",Disney Motor Tsum car + van  ,OPEN
120.0,"=LIEN_HYPERTEXTE(""https://www.airfrov.com/requests/9322-Collectibles-Kumamon-400-Be@rbrick"")",Kumamon 400% Be@rbrick,OPEN
120.0,"=LIEN_HYPERTEXTE(""https://www.airfrov.com/requests/9288-Collectibles-400-Red-GID-lucky-cat-Be@rbrick"")",400% Red GID lucky cat Be@rbrick ,OPEN
122.0,"=LIEN_HYPERTEXTE(""https://www.airfrov.com/requests/9793-Collectibles-Nanoblock-X'Mas-Collections-(2-Nov)"")",Nanoblock X'Mas Collections (2 Nov) ,OPEN
130.0,"=LIEN_HYPERTEXTE(""https://www.airfrov.com/requests/6319-Beauty-Products-ClearBee-products"")",ClearBee products,OPEN
130.0,"=LIEN_HYPERTEXTE(""https://www.airfrov.com/requests/6380-Beauty-Products-ClearBee-products"")",ClearBee products,OPEN
140.0,"=LIEN_HYPERTEXTE(""https://www.airfrov.com/requests/9784-Collectibles-Set-of-15-TSUM-TSUM-2nd-anniversary-cake-Box"")",Set of 15 TSUM TSUM 2nd anniversary ca... ,OPEN
140.0,"=LIEN_HYPERTEXTE(""https://www.airfrov.com/requests/9382-Collectibles-ARTFX-J-Undertaker-Book-of-Circus-Figurine"")",ARTFX J Undertaker Book of Circus Figu... ,OPEN
150.0,"=LIEN_HYPERTEXTE(""https://www.airfrov.com/requests/7755-Collectibles-Set-of-15-TSUM-TSUM-2nd-anniversary-cake-Box"")",Set of 15 TSUM TSUM 2nd anniversary ca... ,OPEN
150.0,"=LIEN_HYPERTEXTE(""https://www.airfrov.com/requests/7666-Collectibles-Set-of-15-TSUM-TSUM-2nd-anniversary-cake-Box"")",Set of 15 TSUM TSUM 2nd anniversary ca... ,OPEN
150.0,"=LIEN_HYPERTEXTE(""https://www.airfrov.com/requests/6835-Collectibles-the-art-of-gundam-mega-size-rx78-2"")",the art of gundam mega size rx78-2 ,OPEN
150.0,"=LIEN_HYPERTEXTE(""https://www.airfrov.com/requests/8841-Games-pikachu-gameboy-advance-sp"")",pikachu gameboy advance sp,OPEN
160.0,"=LIEN_HYPERTEXTE(""https://www.airfrov.com/requests/9551-Games-Nintendo-Wide-Screen-Game-&--Watch"")",Nintendo Wide Screen Game &  Watch ,OPEN
180.0,"=LIEN_HYPERTEXTE(""https://www.airfrov.com/requests/10326-Collectibles-Shirotan-Table"")",Shirotan Table,OPEN
180.0,"=LIEN_HYPERTEXTE(""https://www.airfrov.com/requests/9236-Ladies'-Fashion-and-Accessories-Nike-flyknit-racer"")",Nike flyknit racer,OPEN
180.0,"=LIEN_HYPERTEXTE(""https://www.airfrov.com/requests/9127-Collectibles-BAPE-Camo-shark-be@bricks"")",BAPE Camo shark be@bricks,OPEN
180.0,"=LIEN_HYPERTEXTE(""https://www.airfrov.com/requests/5119-Sports-NikeAir-Max-Thea-Jacquard-Women's"")",NikeAir Max Thea Jacquard Women's ,OPEN
180.0,"=LIEN_HYPERTEXTE(""https://www.airfrov.com/requests/8911-Collectibles-BAPE-Camo-shark-be@bricks"")",BAPE Camo shark be@bricks,OFFERED
190.0,"=LIEN_HYPERTEXTE(""https://www.airfrov.com/requests/8285-Everything-Else-Nikka-taketsuru-21-(from-Japan-airport's-DFS)"")",Nikka taketsuru 21 (from Japan airport... ,OPEN
200.0,"=LIEN_HYPERTEXTE(""https://www.airfrov.com/requests/1394-Ladies'-Fashion-and-Accessories-Samantha-Vega"")",Samantha Vega,OFFERED
210.0,"=LIEN_HYPERTEXTE(""https://www.airfrov.com/requests/9191-Collectibles-2x-400-Red-GID-lucky-cat-Be@rbrick"")",2x 400% Red GID lucky cat Be@rbrick ,OPEN
210.0,"=LIEN_HYPERTEXTE(""https://www.airfrov.com/requests/9834-Beauty-Products-Hokkaido-Horse-Oil-cream"")",Hokkaido Horse Oil cream,OPEN
230.0,"=LIEN_HYPERTEXTE(""https://www.airfrov.com/requests/10136-Collectibles-Nanoblock-Neuschwanstein-Castle-Deluxe-Edition"")",Nanoblock Neuschwanstein Castle Deluxe... ,OFFERED
230.0,"=LIEN_HYPERTEXTE(""https://www.airfrov.com/requests/8731-Ladies'-Fashion-and-Accessories-Randa-X-My-Melody---We-are-best-friends-loafers"")",Randa X My Melody - We are best friend... ,OPEN
240.0,"=LIEN_HYPERTEXTE(""https://www.airfrov.com/requests/6173-Men's-Fashion-and-Accessories-Nike-Flyknit-Racer-Oreo-2.0"")",Nike Flyknit Racer Oreo 2.0,OFFERED
241.12,"=LIEN_HYPERTEXTE(""https://www.airfrov.com/requests/10222-Men's-Fashion-and-Accessories-BAPE-x-Porter-1st-Camo-Waist-Bag"")",BAPE x Porter 1st Camo Waist Bag ,OPEN
250.0,"=LIEN_HYPERTEXTE(""https://www.airfrov.com/requests/8723-Men's-Fashion-and-Accessories-Nike-Flyknit-Racer-MultiColour-2.0"")",Nike Flyknit Racer MultiColour 2.0 ,OPEN
278.0,"=LIEN_HYPERTEXTE(""https://www.airfrov.com/requests/9002-Collectibles-LEGO-Technic-42043-Mercedes-Benz-Arocs-3245"")",LEGO Technic 42043 Mercedes-Benz Arocs... ,OFFERED
280.0,"=LIEN_HYPERTEXTE(""https://www.airfrov.com/requests/9217-Men's-Fashion-and-Accessories-Nike-Flyknit-Racer-MultiColour-2.0"")",Nike Flyknit Racer MultiColour 2.0 ,OFFERED
280.0,"=LIEN_HYPERTEXTE(""https://www.airfrov.com/requests/7608-Collectibles-Metal-Build-Destiny-Gundam-(Heine-Unit)"")",Metal Build Destiny Gundam (Heine Unit) ,OPEN
280.0,"=LIEN_HYPERTEXTE(""https://www.airfrov.com/requests/7950-Collectibles-BAPE-Camo-shark-be@bricks"")",BAPE Camo shark be@bricks,OFFERED
280.0,"=LIEN_HYPERTEXTE(""https://www.airfrov.com/requests/9432-Collectibles-ALIFE-X-GSHOCK-GD-X6900AL"")",ALIFE X GSHOCK GD-X6900AL,OFFERED
280.0,"=LIEN_HYPERTEXTE(""https://www.airfrov.com/requests/6811-Men's-Fashion-and-Accessories-Bape-x-g-shock-6900"")",Bape x g shock 6900,OPEN
290.0,"=LIEN_HYPERTEXTE(""https://www.airfrov.com/requests/10331-Ladies'-Fashion-and-Accessories-My-Melody-Cabin-Luggage"")",My Melody Cabin Luggage,OPEN
290.0,"=LIEN_HYPERTEXTE(""https://www.airfrov.com/requests/7819-Collectibles-METAL-BUILD--Destiny-Gundam-(Heine-machine)"")",METAL BUILD  Destiny Gundam (Heine mac... ,OPEN
290.0,"=LIEN_HYPERTEXTE(""https://www.airfrov.com/requests/7684-Men's-Fashion-and-Accessories-Bape-x-g-shock-6900"")",Bape x g shock 6900,OPEN
290.0,"=LIEN_HYPERTEXTE(""https://www.airfrov.com/requests/7682-Men's-Fashion-and-Accessories-Bape-x-g-shock-6900"")",Bape x g shock 6900,OPEN
290.0,"=LIEN_HYPERTEXTE(""https://www.airfrov.com/requests/6746-Men's-Fashion-and-Accessories-bape-x-gshock"")",bape x gshock,OPEN
300.0,"=LIEN_HYPERTEXTE(""https://www.airfrov.com/requests/7693-Collectibles-Metal-Build-Destiny-Gundam-(Heine-Unit)"")",Metal Build Destiny Gundam (Heine Unit) ,OPEN
300.0,"=LIEN_HYPERTEXTE(""https://www.airfrov.com/requests/7655-Men's-Fashion-and-Accessories-Bape-x-g-shock-6900"")",Bape x g shock 6900,OPEN
300.0,"=LIEN_HYPERTEXTE(""https://www.airfrov.com/requests/7590-Collectibles-Metal-Build-Destiny-Gundam-(Heine-Unit)"")",Metal Build Destiny Gundam (Heine Unit) ,OPEN
300.0,"=LIEN_HYPERTEXTE(""https://www.airfrov.com/requests/2247-Ladies'-Fashion-and-Accessories-Issey-Miyake-Prism-Mini-Clutch"")",Issey Miyake Prism Mini Clutch ,OFFERED
320.0,"=LIEN_HYPERTEXTE(""https://www.airfrov.com/requests/9638-Collectibles-Metal-Build-Destiny-Heine-Custom---Tamashii-Nation"")",Metal Build Destiny Heine Custom - Tam... ,OPEN
320.0,"=LIEN_HYPERTEXTE(""https://www.airfrov.com/requests/9637-Collectibles-Metal-Build-Destiny-Heine-Custom---Tamashii-Nation"")",Metal Build Destiny Heine Custom - Tam... ,OPEN
320.0,"=LIEN_HYPERTEXTE(""https://www.airfrov.com/requests/5872-Men's-Fashion-and-Accessories-Burberry-Black-Label-Men-Wallet"")",Burberry Black Label Men Wallet ,OPEN
320.0,"=LIEN_HYPERTEXTE(""https://www.airfrov.com/requests/5815-Men's-Fashion-and-Accessories-Burberry-Black-Label-Men-Wallet"")",Burberry Black Label Men Wallet ,OPEN
330.0,"=LIEN_HYPERTEXTE(""https://www.airfrov.com/requests/9615-Collectibles-Metal-Build-Destiny-Heine-Custom---Tamashii-Nation"")",Metal Build Destiny Heine Custom - Tam... ,OPEN
350.0,"=LIEN_HYPERTEXTE(""https://www.airfrov.com/requests/6374-Mums-and-Babies-Graco-My-Melody-Stroller"")",Graco My Melody Stroller,OPEN
350.0,"=LIEN_HYPERTEXTE(""https://www.airfrov.com/requests/6728-Men's-Fashion-and-Accessories-Bape-x-g-shock-6900"")",Bape x g shock 6900,OFFERED
370.0,"=LIEN_HYPERTEXTE(""https://www.airfrov.com/requests/9636-Collectibles-METAL-BUILD--Destiny-Gundam-(Heine-machine)"")",METAL BUILD  Destiny Gundam (Heine mac... ,OPEN
399.0,"=LIEN_HYPERTEXTE(""https://www.airfrov.com/requests/3787-Mums-and-Babies-Graco-My-Melody-Stroller"")",Graco My Melody Stroller,OPEN
400.0,"=LIEN_HYPERTEXTE(""https://www.airfrov.com/requests/9902-Household-Products-Blueair-Smokestop-Filter-from-Amazon-Japan"")",Blueair Smokestop Filter from Amazon J... ,OPEN
400.0,"=LIEN_HYPERTEXTE(""https://www.airfrov.com/requests/6209-Mums-and-Babies-Graco-My-Melody-Stroller"")",Graco My Melody Stroller,OPEN
410.0,"=LIEN_HYPERTEXTE(""https://www.airfrov.com/requests/573-Ladies'-Fashion-and-Accessories-Burberry-Blue-Label-Bag"")",Burberry Blue Label Bag,OFFERED
420.0,"=LIEN_HYPERTEXTE(""https://www.airfrov.com/requests/9252-Lifestyle-Gadgets-westone-umpro-30-earphones"")",westone umpro 30 earphones,OPEN
420.0,"=LIEN_HYPERTEXTE(""https://www.airfrov.com/requests/6227-Ladies'-Fashion-and-Accessories-ISSEY-MIYAKE-Lucent-Basic-tote-6x6"")",ISSEY MIYAKE Lucent Basic tote 6x6 ,OFFERED
430.0,"=LIEN_HYPERTEXTE(""https://www.airfrov.com/requests/7686-Collectibles-BAPE-Camo-shark-be@bricks"")",BAPE Camo shark be@bricks,OPEN
430.0,"=LIEN_HYPERTEXTE(""https://www.airfrov.com/requests/7679-Collectibles-BAPE-Camo-shark-be@bricks"")",BAPE Camo shark be@bricks,OPEN
450.0,"=LIEN_HYPERTEXTE(""https://www.airfrov.com/requests/7790-Collectibles-BAPE-Camo-shark-be@bricks"")",BAPE Camo shark be@bricks,OPEN
450.0,"=LIEN_HYPERTEXTE(""https://www.airfrov.com/requests/7765-Collectibles-BAPE-Camo-shark-be@bricks"")",BAPE Camo shark be@bricks,OPEN
450.0,"=LIEN_HYPERTEXTE(""https://www.airfrov.com/requests/7764-Collectibles-BAPE-Camo-shark-be@bricks"")",BAPE Camo shark be@bricks,OPEN
450.0,"=LIEN_HYPERTEXTE(""https://www.airfrov.com/requests/7707-Collectibles-BAPE-Camo-shark-be@bricks"")",BAPE Camo shark be@bricks,OPEN
450.0,"=LIEN_HYPERTEXTE(""https://www.airfrov.com/requests/7697-Collectibles-BAPE-Camo-shark-be@bricks"")",BAPE Camo shark be@bricks,OPEN
450.0,"=LIEN_HYPERTEXTE(""https://www.airfrov.com/requests/7654-Collectibles-BAPE-Camo-shark-be@bricks"")",BAPE Camo shark be@bricks,OPEN
450.0,"=LIEN_HYPERTEXTE(""https://www.airfrov.com/requests/8910-Ladies'-Fashion-and-Accessories-Burberry-Blue-Label-Bag"")",Burberry Blue Label Bag,OPEN
455.0,"=LIEN_HYPERTEXTE(""https://www.airfrov.com/requests/7884-Collectibles-BAPE-Camo-shark-be@bricks"")",BAPE Camo shark be@bricks,OPEN
500.0,"=LIEN_HYPERTEXTE(""https://www.airfrov.com/requests/9085-Men's-Fashion-and-Accessories-Burberry-BlackLabel-Bag-(D1114-100-28)"")",Burberry BlackLabel Bag (D1114-100-28) ,OFFERED
500.0,"=LIEN_HYPERTEXTE(""https://www.airfrov.com/requests/8691-Men's-Fashion-and-Accessories-Burberry-BlackLabel-Bag-(D1114-100-28)"")",Burberry BlackLabel Bag (D1114-100-28) ,OPEN
500.0,"=LIEN_HYPERTEXTE(""https://www.airfrov.com/requests/7788-Collectibles-BAPE-Camo-shark-be@bricks"")",BAPE Camo shark be@bricks,OPEN
500.0,"=LIEN_HYPERTEXTE(""https://www.airfrov.com/requests/7971-Collectibles-BAPE-Camo-shark-be@bricks"")",BAPE Camo shark be@bricks,OPEN
500.0,"=LIEN_HYPERTEXTE(""https://www.airfrov.com/requests/7918-Collectibles-BAPE-Camo-shark-be@bricks"")",BAPE Camo shark be@bricks,OPEN
500.0,"=LIEN_HYPERTEXTE(""https://www.airfrov.com/requests/7916-Collectibles-BAPE-Camo-shark-be@bricks"")",BAPE Camo shark be@bricks,OPEN
550.0,"=LIEN_HYPERTEXTE(""https://www.airfrov.com/requests/7960-Collectibles-BAPE-Camo-shark-be@bricks"")",BAPE Camo shark be@bricks,OPEN
550.0,"=LIEN_HYPERTEXTE(""https://www.airfrov.com/requests/7900-Collectibles-BAPE-Camo-shark-be@bricks"")",BAPE Camo shark be@bricks,OPEN
600.0,"=LIEN_HYPERTEXTE(""https://www.airfrov.com/requests/8435-Ladies'-Fashion-and-Accessories-Casio-G-Shock-Pink-Frogman"")",Casio G-Shock Pink Frogman,OPEN
600.0,"=LIEN_HYPERTEXTE(""https://www.airfrov.com/requests/7104-Pets-Compet-Milimili-Pet-Stroller"")",Compet Milimili Pet Stroller ,OPEN
600.0,"=LIEN_HYPERTEXTE(""https://www.airfrov.com/requests/495-Lifestyle-Gadgets-Apple-Watch-Sport-42mm-Space-Grey"")",Apple Watch Sport 42mm Space Grey ,OFFERED
630.0,"=LIEN_HYPERTEXTE(""https://www.airfrov.com/requests/654-Lifestyle-Gadgets-Apple-Watch-42mm-Space-Gray-with-Black-Sports-Band"")",Apple Watch 42mm Space Gray with Black... ,OFFERED
630.0,"=LIEN_HYPERTEXTE(""https://www.airfrov.com/requests/653-Lifestyle-Gadgets-Apple-Watch-42mm-Space-Gray-with-Black-Sports-Band"")",Apple Watch 42mm Space Gray with Black... ,OFFERED
650.0,"=LIEN_HYPERTEXTE(""https://www.airfrov.com/requests/7649-Ladies'-Fashion-and-Accessories-Burberry-Blue-Label-Bag"")",Burberry Blue Label Bag,OFFERED
690.0,"=LIEN_HYPERTEXTE(""https://www.airfrov.com/requests/6060-Ladies'-Fashion-and-Accessories-Burberry-blue-label-bag"")",Burberry blue label bag,OPEN
690.0,"=LIEN_HYPERTEXTE(""https://www.airfrov.com/requests/8915-Ladies'-Fashion-and-Accessories-Burberry-blue-label-bag-E2101-101-28"")",Burberry blue label bag E2101-101-28 ,OPEN
800.0,"=LIEN_HYPERTEXTE(""https://www.airfrov.com/requests/5790-Everything-Else-G-Shock-Frogman"")",G-Shock Frogman,OPEN
850.0,"=LIEN_HYPERTEXTE(""https://www.airfrov.com/requests/9919-Lifestyle-Gadgets-Grande-Specchio-by-MartinSzekely"")",Grande Specchio by MartinSzekely ,OPEN
850.0,"=LIEN_HYPERTEXTE(""https://www.airfrov.com/requests/7580-Collectibles-BAPE-Camo-shark-be@bricks"")",BAPE Camo shark be@bricks,OPEN
850.0,"=LIEN_HYPERTEXTE(""https://www.airfrov.com/requests/7579-Collectibles-BAPE-Camo-shark-be@bricks"")",BAPE Camo shark be@bricks,OPEN
